name,falsePositive,truePositive
frame_01.jpg,False,True
frame_0101.jpg,True,False
frame_0102.jpg,False,True
frame_0104.jpg,False,True
frame_0108.jpg,False,True
frame_0109.jpg,False,True
frame_011.jpg,False,True
frame_0110.jpg,False,True
frame_0111.jpg,False,True
frame_0112.jpg,False,True
frame_0116.jpg,False,True
frame_0118.jpg,False,True
frame_0119.jpg,False,True
frame_0120.jpg,False,True
frame_0121.jpg,False,True
frame_0122.jpg,False,True
frame_0123.jpg,False,True
frame_0124.jpg,True,False
frame_0125.jpg,False,True
frame_0126.jpg,False,True
frame_0131.jpg,False,True
frame_0132.jpg,True,False
frame_0134.jpg,True,False
frame_015.jpg,False,True
frame_0150.jpg,True,False
frame_0152.jpg,True,False
frame_0153.jpg,False,True
frame_0154.jpg,False,True
frame_0155.jpg,False,True
frame_0156.jpg,False,True
frame_0157.jpg,False,True
frame_0158.jpg,False,True
frame_0159.jpg,False,True
frame_0161.jpg,False,True
frame_0163.jpg,False,True
frame_0164.jpg,False,True
frame_0165.jpg,False,True
frame_0166.jpg,False,True
frame_0171.jpg,False,True
frame_0172.jpg,False,True
frame_0173.jpg,False,True
frame_0175.jpg,False,True
frame_0176.jpg,False,True
frame_0177.jpg,False,True
frame_0179.jpg,False,True
frame_018.jpg,False,True
frame_0180.jpg,False,True
frame_0181.jpg,False,True
frame_0182.jpg,False,True
frame_0183.jpg,False,True
frame_0184.jpg,False,True
frame_0189.jpg,False,True
frame_0190.jpg,False,True
frame_0193.jpg,False,True
frame_0196.jpg,False,True
frame_0199.jpg,False,True
frame_02.jpg,False,True
frame_020.jpg,False,True
frame_0200.jpg,True,False
frame_0201.jpg,True,False
frame_0202.jpg,True,False
frame_0203.jpg,True,False
frame_0206.jpg,True,False
frame_0207.jpg,True,False
frame_0208.jpg,True,False
frame_0209.jpg,True,False
frame_021.jpg,False,True
frame_0210.jpg,False,True
frame_0211.jpg,False,True
frame_0212.jpg,False,True
frame_0213.jpg,False,True
frame_0218.jpg,False,True
frame_0219.jpg,False,True
frame_0220.jpg,False,True
frame_0221.jpg,False,True
frame_0223.jpg,False,True
frame_0225.jpg,False,True
frame_0229.jpg,False,True
frame_0230.jpg,False,True
frame_0231.jpg,False,True
frame_0232.jpg,False,True
frame_0234.jpg,False,True
frame_0235.jpg,False,True
frame_0236.jpg,False,True
frame_0238.jpg,False,True
frame_0240.jpg,True,False
frame_0243.jpg,False,True
frame_0244.jpg,False,True
frame_0246.jpg,False,True
frame_0247.jpg,False,True
frame_0248.jpg,False,True
frame_0249.jpg,False,True
frame_025.jpg,False,True
frame_0250.jpg,False,True
frame_0251.jpg,False,True
frame_0252.jpg,False,True
frame_0258.jpg,False,True
frame_026.jpg,False,True
frame_0260.jpg,False,True
frame_0261.jpg,False,True
frame_0265.jpg,False,True
frame_0266.jpg,False,True
frame_0268.jpg,False,True
frame_028.jpg,False,True
frame_0284.jpg,False,True
frame_0287.jpg,False,True
frame_0289.jpg,False,True
frame_029.jpg,False,True
frame_0293.jpg,False,True
frame_0294.jpg,False,True
frame_0295.jpg,False,True
frame_0296.jpg,False,True
frame_0297.jpg,False,True
frame_03.jpg,False,True
frame_030.jpg,False,True
frame_0302.jpg,False,True
frame_0303.jpg,False,True
frame_0304.jpg,False,True
frame_0305.jpg,False,True
frame_0306.jpg,False,True
frame_0308.jpg,False,True
frame_0309.jpg,False,True
frame_031.jpg,False,True
frame_0311.jpg,False,True
frame_0312.jpg,False,True
frame_0314.jpg,False,True
frame_0319.jpg,False,True
frame_032.jpg,False,True
frame_0322.jpg,False,True
frame_0323.jpg,False,True
frame_0325.jpg,False,True
frame_0326.jpg,False,True
frame_0327.jpg,False,True
frame_0328.jpg,False,True
frame_033.jpg,False,True
frame_0330.jpg,False,True
frame_0331.jpg,False,True
frame_0332.jpg,False,True
frame_0333.jpg,False,True
frame_0334.jpg,False,True
frame_0339.jpg,False,True
frame_034.jpg,False,True
frame_0340.jpg,False,True
frame_0341.jpg,False,True
frame_0342.jpg,False,True
frame_0344.jpg,False,True
frame_0348.jpg,False,True
frame_035.jpg,False,True
frame_0350.jpg,False,True
frame_0352.jpg,False,True
frame_0353.jpg,False,True
frame_0354.jpg,False,True
frame_036.jpg,False,True
frame_0364.jpg,False,True
frame_0366.jpg,False,True
frame_0367.jpg,False,True
frame_0369.jpg,False,True
frame_0370.jpg,False,True
frame_0371.jpg,False,True
frame_0372.jpg,False,True
frame_0373.jpg,False,True
frame_0374.jpg,False,True
frame_0375.jpg,False,True
frame_0376.jpg,False,True
frame_0378.jpg,False,True
frame_0379.jpg,False,True
frame_0380.jpg,False,True
frame_0381.jpg,False,True
frame_0382.jpg,False,True
frame_0383.jpg,False,True
frame_0384.jpg,False,True
frame_0385.jpg,False,True
frame_0388.jpg,False,True
frame_039.jpg,False,True
frame_0390.jpg,False,True
frame_0392.jpg,False,True
frame_0393.jpg,False,True
frame_0394.jpg,False,True
frame_0396.jpg,False,True
frame_0397.jpg,False,True
frame_0398.jpg,False,True
frame_0399.jpg,False,True
frame_040.jpg,False,True
frame_0400.jpg,False,True
frame_0401.jpg,False,True
frame_0405.jpg,True,False
frame_0406.jpg,True,False
frame_0408.jpg,True,False
frame_041.jpg,False,True
frame_0410.jpg,True,False
frame_0413.jpg,True,False
frame_0414.jpg,True,False
frame_0415.jpg,True,False
frame_0417.jpg,True,False
frame_042.jpg,False,True
frame_0420.jpg,True,False
frame_0421.jpg,True,False
frame_0422.jpg,True,False
frame_0423.jpg,False,True
frame_0426.jpg,False,True
frame_0427.jpg,False,True
frame_043.jpg,False,True
frame_0430.jpg,False,True
frame_0431.jpg,False,True
frame_0432.jpg,False,True
frame_0436.jpg,False,True
frame_0437.jpg,False,True
frame_0439.jpg,False,True
frame_044.jpg,False,True
frame_0440.jpg,False,True
frame_0442.jpg,False,True
frame_0443.jpg,False,True
frame_0444.jpg,False,True
frame_0445.jpg,False,True
frame_0446.jpg,False,True
frame_0447.jpg,True,False
frame_0448.jpg,False,True
frame_0449.jpg,False,True
frame_045.jpg,False,True
frame_0451.jpg,False,True
frame_046.jpg,True,False
frame_0469.jpg,True,False
frame_047.jpg,False,True
frame_0470.jpg,False,True
frame_0474.jpg,False,True
frame_0475.jpg,False,True
frame_0476.jpg,False,True
frame_0479.jpg,False,True
frame_048.jpg,False,True
frame_0481.jpg,False,True
frame_0483.jpg,False,True
frame_0484.jpg,False,True
frame_0485.jpg,False,True
frame_0486.jpg,False,True
frame_0487.jpg,False,True
frame_0488.jpg,False,True
frame_0489.jpg,False,True
frame_049.jpg,True,False
frame_0491.jpg,False,True
frame_0493.jpg,False,True
frame_0495.jpg,False,True
frame_0496.jpg,False,True
frame_0497.jpg,False,True
frame_0498.jpg,False,True
frame_0499.jpg,False,True
frame_050.jpg,True,False
frame_0500.jpg,False,True
frame_0502.jpg,False,True
frame_0504.jpg,False,True
frame_0505.jpg,False,True
frame_0506.jpg,False,True
frame_0507.jpg,False,True
frame_051.jpg,True,False
frame_0511.jpg,False,True
frame_0512.jpg,False,True
frame_0515.jpg,False,True
frame_0519.jpg,False,True
frame_052.jpg,True,False
frame_0520.jpg,False,True
frame_0523.jpg,False,True
frame_0524.jpg,False,True
frame_0527.jpg,False,True
frame_0536.jpg,False,True
frame_0537.jpg,False,True
frame_054.jpg,True,False
frame_0542.jpg,False,True
frame_0543.jpg,False,True
frame_0545.jpg,False,True
frame_055.jpg,True,False
frame_0550.jpg,False,True
frame_0556.jpg,True,False
frame_0557.jpg,True,False
frame_0558.jpg,True,False
frame_056.jpg,False,True
frame_0607.jpg,True,False
frame_0608.jpg,True,False
frame_0609.jpg,False,True
frame_0610.jpg,False,True
frame_0611.jpg,False,True
frame_0612.jpg,False,True
frame_0613.jpg,False,True
frame_0615.jpg,False,True
frame_0616.jpg,False,True
frame_0617.jpg,False,True
frame_0620.jpg,False,True
frame_0621.jpg,False,True
frame_0622.jpg,False,True
frame_0623.jpg,False,True
frame_0624.jpg,False,True
frame_0629.jpg,False,True
frame_0630.jpg,False,True
frame_0633.jpg,False,True
frame_0641.jpg,False,True
frame_0643.jpg,False,True
frame_0644.jpg,False,True
frame_0647.jpg,False,True
frame_0648.jpg,True,False
frame_0650.jpg,False,True
frame_0651.jpg,False,True
frame_0652.jpg,False,True
frame_0654.jpg,False,True
frame_0655.jpg,False,True
frame_0657.jpg,True,False
frame_0661.jpg,False,True
frame_0662.jpg,False,True
frame_0663.jpg,False,True
frame_0664.jpg,False,True
frame_0666.jpg,True,False
frame_0668.jpg,False,True
frame_067.jpg,True,False
frame_0670.jpg,True,False
frame_0671.jpg,False,True
frame_0672.jpg,False,True
frame_0673.jpg,False,True
frame_0674.jpg,False,True
frame_0675.jpg,False,True
frame_0676.jpg,False,True
frame_0679.jpg,False,True
frame_068.jpg,True,False
frame_0680.jpg,False,True
frame_0683.jpg,False,True
frame_0684.jpg,False,True
frame_0685.jpg,False,True
frame_0687.jpg,False,True
frame_069.jpg,False,True
frame_0690.jpg,False,True
frame_0692.jpg,True,False
frame_0694.jpg,True,False
frame_07.jpg,False,True
frame_070.jpg,False,True
frame_0703.jpg,True,False
frame_0720.jpg,True,False
frame_0722.jpg,True,False
frame_0723.jpg,False,True
frame_0724.jpg,False,True
frame_0725.jpg,False,True
frame_0726.jpg,False,True
frame_0729.jpg,False,True
frame_073.jpg,False,True
frame_0730.jpg,False,True
frame_0731.jpg,False,True
frame_0732.jpg,False,True
frame_0733.jpg,False,True
frame_0735.jpg,False,True
frame_0736.jpg,False,True
frame_0737.jpg,False,True
frame_0738.jpg,False,True
frame_0739.jpg,False,True
frame_074.jpg,False,True
frame_0740.jpg,True,False
frame_0743.jpg,True,False
frame_0744.jpg,True,False
frame_0745.jpg,True,False
frame_0746.jpg,True,False
frame_0752.jpg,True,False
frame_0759.jpg,True,False
frame_076.jpg,False,True
frame_0760.jpg,True,False
frame_0761.jpg,True,False
frame_0762.jpg,True,False
frame_0768.jpg,True,False
frame_0769.jpg,True,False
frame_077.jpg,False,True
frame_0770.jpg,False,True
frame_0771.jpg,False,True
frame_0772.jpg,False,True
frame_0775.jpg,False,True
frame_0778.jpg,False,True
frame_078.jpg,False,True
frame_0782.jpg,False,True
frame_0785.jpg,False,True
frame_0786.jpg,False,True
frame_0787.jpg,False,True
frame_0788.jpg,False,True
frame_0789.jpg,False,True
frame_079.jpg,False,True
frame_0790.jpg,False,True
frame_0791.jpg,False,True
frame_0792.jpg,False,True
frame_0793.jpg,False,True
frame_0796.jpg,False,True
frame_0797.jpg,True,False
frame_080.jpg,False,True
frame_0807.jpg,False,True
frame_0808.jpg,False,True
frame_0809.jpg,False,True
frame_0810.jpg,False,True
frame_0811.jpg,False,True
frame_0812.jpg,False,True
frame_0813.jpg,False,True
frame_0814.jpg,False,True
frame_0815.jpg,False,True
frame_0816.jpg,False,True
frame_0817.jpg,False,True
frame_0820.jpg,False,True
frame_0821.jpg,False,True
frame_0823.jpg,False,True
frame_0824.jpg,False,True
frame_0826.jpg,False,True
frame_0828.jpg,False,True
frame_0831.jpg,False,True
frame_0832.jpg,False,True
frame_0834.jpg,False,True
frame_0836.jpg,False,True
frame_084.jpg,False,True
frame_085.jpg,False,True
frame_0861.jpg,False,True
frame_0862.jpg,False,True
frame_0863.jpg,False,True
frame_0864.jpg,True,False
frame_0865.jpg,False,True
frame_0868.jpg,True,False
frame_0869.jpg,True,False
frame_087.jpg,False,True
frame_0870.jpg,True,False
frame_0871.jpg,True,False
frame_0876.jpg,False,True
frame_0877.jpg,False,True
frame_0878.jpg,True,False
frame_0884.jpg,False,True
frame_0885.jpg,False,True
frame_0886.jpg,False,True
frame_0887.jpg,False,True
frame_0888.jpg,False,True
frame_0889.jpg,False,True
frame_0890.jpg,False,True
frame_0894.jpg,False,True
frame_0895.jpg,False,True
frame_0896.jpg,False,True
frame_0897.jpg,False,True
frame_0899.jpg,False,True
frame_09.jpg,False,True
frame_0900.jpg,False,True
frame_0901.jpg,False,True
frame_0903.jpg,False,True
frame_0905.jpg,False,True
frame_0906.jpg,False,True
frame_0907.jpg,False,True
frame_091.jpg,False,True
frame_0911.jpg,False,True
frame_0912.jpg,False,True
frame_0913.jpg,False,True
frame_0915.jpg,False,True
frame_0916.jpg,False,True
frame_0919.jpg,False,True
frame_092.jpg,False,True
frame_0920.jpg,False,True
frame_093.jpg,False,True
frame_094.jpg,False,True
frame_095.jpg,False,True
frame_096.jpg,False,True
frame_098.jpg,False,True
frame_099.jpg,False,True
frame_10.jpg,True,False
frame_11.jpg,True,False
frame_110.jpg,False,True
frame_1104.jpg,True,False
frame_1105.jpg,True,False
frame_1107.jpg,True,False
frame_1108.jpg,True,False
frame_1109.jpg,True,False
frame_111.jpg,False,True
frame_1110.jpg,True,False
frame_1114.jpg,True,False
frame_1115.jpg,True,False
frame_1116.jpg,True,False
frame_1117.jpg,True,False
frame_1118.jpg,True,False
frame_1119.jpg,True,False
frame_112.jpg,False,True
frame_1122.jpg,True,False
frame_1123.jpg,True,False
frame_1125.jpg,True,False
frame_1127.jpg,True,False
frame_113.jpg,False,True
frame_1130.jpg,True,False
frame_1132.jpg,True,False
frame_1133.jpg,False,True
frame_1134.jpg,False,True
frame_1135.jpg,False,True
frame_1136.jpg,False,True
frame_1137.jpg,False,True
frame_1139.jpg,False,True
frame_1141.jpg,False,True
frame_1142.jpg,False,True
frame_1143.jpg,False,True
frame_1145.jpg,False,True
frame_1146.jpg,False,True
frame_1152.jpg,False,True
frame_1154.jpg,False,True
frame_1155.jpg,False,True
frame_1157.jpg,False,True
frame_1158.jpg,False,True
frame_1159.jpg,False,True
frame_1160.jpg,False,True
frame_1161.jpg,False,True
frame_1162.jpg,True,False
frame_1163.jpg,False,True
frame_1164.jpg,False,True
frame_1165.jpg,True,False
frame_117.jpg,False,True
frame_118.jpg,False,True
frame_119.jpg,False,True
frame_12.jpg,True,False
frame_120.jpg,False,True
frame_121.jpg,False,True
frame_122.jpg,True,False
frame_1223.jpg,True,False
frame_1224.jpg,True,False
frame_1227.jpg,False,True
frame_1228.jpg,False,True
frame_123.jpg,True,False
frame_1232.jpg,True,False
frame_1233.jpg,False,True
frame_1234.jpg,False,True
frame_1235.jpg,False,True
frame_1236.jpg,False,True
frame_1237.jpg,True,False
frame_124.jpg,True,False
frame_1241.jpg,True,False
frame_1247.jpg,True,False
frame_125.jpg,True,False
frame_1253.jpg,False,True
frame_1254.jpg,False,True
frame_1255.jpg,False,True
frame_1256.jpg,False,True
frame_1257.jpg,False,True
frame_1258.jpg,False,True
frame_1259.jpg,False,True
frame_126.jpg,True,False
frame_1260.jpg,False,True
frame_1265.jpg,False,True
frame_1266.jpg,False,True
frame_1269.jpg,False,True
frame_1271.jpg,True,False
frame_1273.jpg,True,False
frame_1274.jpg,True,False
frame_1275.jpg,False,True
frame_1295.jpg,True,False
frame_133.jpg,True,False
frame_1387.jpg,False,True
frame_1396.jpg,False,True
frame_1397.jpg,True,False
frame_1398.jpg,False,True
frame_1399.jpg,False,True
frame_1400.jpg,False,True
frame_1401.jpg,False,True
frame_1402.jpg,False,True
frame_1404.jpg,False,True
frame_1405.jpg,False,True
frame_1408.jpg,False,True
frame_141.jpg,True,False
frame_1415.jpg,False,True
frame_1496.jpg,False,True
frame_1497.jpg,False,True
frame_1499.jpg,False,True
frame_150.jpg,False,True
frame_1501.jpg,False,True
frame_1502.jpg,False,True
frame_1503.jpg,False,True
frame_1507.jpg,False,True
frame_1508.jpg,False,True
frame_151.jpg,False,True
frame_1510.jpg,False,True
frame_1511.jpg,False,True
frame_1512.jpg,False,True
frame_1513.jpg,False,True
frame_1514.jpg,False,True
frame_1515.jpg,False,True
frame_1516.jpg,False,True
frame_1517.jpg,False,True
frame_1518.jpg,False,True
frame_1519.jpg,False,True
frame_152.jpg,False,True
frame_1520.jpg,False,True
frame_1525.jpg,False,True
frame_1528.jpg,True,False
frame_1529.jpg,False,True
frame_1534.jpg,False,True
frame_1535.jpg,False,True
frame_1536.jpg,False,True
frame_1537.jpg,False,True
frame_1538.jpg,False,True
frame_1539.jpg,False,True
frame_154.jpg,False,True
frame_1540.jpg,False,True
frame_1541.jpg,False,True
frame_1543.jpg,False,True
frame_1549.jpg,False,True
frame_1550.jpg,False,True
frame_1554.jpg,False,True
frame_1555.jpg,False,True
frame_1556.jpg,False,True
frame_1557.jpg,False,True
frame_1558.jpg,False,True
frame_1559.jpg,True,False
frame_1560.jpg,True,False
frame_1563.jpg,False,True
frame_1565.jpg,True,False
frame_157.jpg,False,True
frame_1589.jpg,True,False
frame_159.jpg,False,True
frame_1590.jpg,True,False
frame_160.jpg,False,True
frame_161.jpg,False,True
frame_1614.jpg,True,False
frame_1615.jpg,True,False
frame_1616.jpg,True,False
frame_1617.jpg,False,True
frame_1618.jpg,False,True
frame_1619.jpg,False,True
frame_162.jpg,False,True
frame_1620.jpg,False,True
frame_1624.jpg,False,True
frame_1627.jpg,False,True
frame_1628.jpg,False,True
frame_1629.jpg,False,True
frame_163.jpg,False,True
frame_1630.jpg,False,True
frame_1631.jpg,False,True
frame_1634.jpg,False,True
frame_1636.jpg,False,True
frame_1638.jpg,False,True
frame_1639.jpg,True,False
frame_164.jpg,False,True
frame_1640.jpg,False,True
frame_1641.jpg,True,False
frame_1642.jpg,True,False
frame_1649.jpg,False,True
frame_165.jpg,False,True
frame_166.jpg,False,True
frame_168.jpg,False,True
frame_169.jpg,False,True
frame_17.jpg,True,False
frame_170.jpg,False,True
frame_171.jpg,False,True
frame_172.jpg,True,False
frame_173.jpg,True,False
frame_174.jpg,True,False
frame_1748.jpg,False,True
frame_1749.jpg,False,True
frame_175.jpg,True,False
frame_1750.jpg,False,True
frame_1753.jpg,False,True
frame_1756.jpg,False,True
frame_1757.jpg,False,True
frame_176.jpg,True,False
frame_1761.jpg,False,True
frame_1762.jpg,False,True
frame_1763.jpg,False,True
frame_1765.jpg,False,True
frame_1766.jpg,False,True
frame_1767.jpg,True,False
frame_1768.jpg,True,False
frame_177.jpg,True,False
frame_178.jpg,True,False
frame_1782.jpg,True,False
frame_1786.jpg,True,False
frame_1791.jpg,True,False
frame_1792.jpg,False,True
frame_1793.jpg,False,True
frame_1794.jpg,False,True
frame_1795.jpg,False,True
frame_1797.jpg,False,True
frame_1799.jpg,False,True
frame_1800.jpg,True,False
frame_1801.jpg,False,True
frame_1802.jpg,True,False
frame_1803.jpg,True,False
frame_1807.jpg,True,False
frame_1819.jpg,True,False
frame_1831.jpg,False,True
frame_1843.jpg,True,False
frame_1844.jpg,False,True
frame_1845.jpg,False,True
frame_1846.jpg,False,True
frame_1847.jpg,False,True
frame_1848.jpg,False,True
frame_1852.jpg,False,True
frame_1853.jpg,False,True
frame_1858.jpg,False,True
frame_1864.jpg,False,True
frame_1865.jpg,False,True
frame_1866.jpg,False,True
frame_1867.jpg,False,True
frame_1868.jpg,False,True
frame_1869.jpg,False,True
frame_1870.jpg,False,True
frame_1872.jpg,False,True
frame_1874.jpg,False,True
frame_1875.jpg,False,True
frame_1876.jpg,False,True
frame_1877.jpg,False,True
frame_1878.jpg,False,True
frame_1879.jpg,False,True
frame_1880.jpg,True,False
frame_1883.jpg,True,False
frame_1884.jpg,True,False
frame_1885.jpg,True,False
frame_1886.jpg,True,False
frame_1887.jpg,True,False
frame_1888.jpg,True,False
frame_1890.jpg,False,True
frame_1891.jpg,True,False
frame_1892.jpg,True,False
frame_1903.jpg,True,False
frame_1904.jpg,True,False
frame_1906.jpg,True,False
frame_20.jpg,False,True
frame_21.jpg,False,True
frame_210.jpg,False,True
frame_2100.jpg,False,True
frame_2101.jpg,False,True
frame_2102.jpg,True,False
frame_2103.jpg,True,False
frame_2104.jpg,True,False
frame_211.jpg,False,True
frame_212.jpg,False,True
frame_213.jpg,False,True
frame_214.jpg,False,True
frame_2146.jpg,True,False
frame_215.jpg,False,True
frame_2150.jpg,True,False
frame_2151.jpg,True,False
frame_2152.jpg,False,True
frame_2153.jpg,False,True
frame_2154.jpg,False,True
frame_2157.jpg,False,True
frame_2159.jpg,False,True
frame_216.jpg,False,True
frame_2160.jpg,False,True
frame_2161.jpg,False,True
frame_2162.jpg,False,True
frame_2163.jpg,False,True
frame_2164.jpg,False,True
frame_2168.jpg,False,True
frame_2169.jpg,False,True
frame_217.jpg,False,True
frame_2170.jpg,False,True
frame_2173.jpg,False,True
frame_2174.jpg,True,False
frame_2176.jpg,False,True
frame_2177.jpg,False,True
frame_2178.jpg,False,True
frame_2179.jpg,False,True
frame_218.jpg,True,False
frame_2180.jpg,False,True
frame_2181.jpg,False,True
frame_2182.jpg,False,True
frame_2183.jpg,False,True
frame_2184.jpg,True,False
frame_2186.jpg,False,True
frame_2188.jpg,False,True
frame_2189.jpg,True,False
frame_219.jpg,False,True
frame_2190.jpg,True,False
frame_2195.jpg,False,True
frame_22.jpg,False,True
frame_220.jpg,False,True
frame_2219.jpg,True,False
frame_222.jpg,True,False
frame_2220.jpg,False,True
frame_2221.jpg,False,True
frame_2222.jpg,False,True
frame_2223.jpg,False,True
frame_2224.jpg,False,True
frame_2225.jpg,False,True
frame_2226.jpg,False,True
frame_2228.jpg,False,True
frame_2229.jpg,False,True
frame_223.jpg,False,True
frame_2231.jpg,False,True
frame_2234.jpg,True,False
frame_2235.jpg,False,True
frame_2236.jpg,False,True
frame_2238.jpg,False,True
frame_2239.jpg,False,True
frame_224.jpg,True,False
frame_2240.jpg,False,True
frame_2241.jpg,False,True
frame_2242.jpg,False,True
frame_2244.jpg,False,True
frame_2245.jpg,True,False
frame_2246.jpg,False,True
frame_2247.jpg,False,True
frame_2249.jpg,False,True
frame_2250.jpg,False,True
frame_2251.jpg,False,True
frame_2252.jpg,False,True
frame_2253.jpg,False,True
frame_2254.jpg,False,True
frame_2255.jpg,False,True
frame_2256.jpg,False,True
frame_2257.jpg,False,True
frame_2258.jpg,False,True
frame_2259.jpg,False,True
frame_226.jpg,True,False
frame_2260.jpg,False,True
frame_2261.jpg,False,True
frame_2262.jpg,False,True
frame_2263.jpg,False,True
frame_2264.jpg,False,True
frame_2266.jpg,False,True
frame_2267.jpg,False,True
frame_2268.jpg,False,True
frame_2269.jpg,False,True
frame_227.jpg,False,True
frame_2270.jpg,False,True
frame_2271.jpg,False,True
frame_2272.jpg,False,True
frame_2273.jpg,False,True
frame_2274.jpg,False,True
frame_2275.jpg,False,True
frame_2276.jpg,False,True
frame_2279.jpg,False,True
frame_228.jpg,False,True
frame_2280.jpg,True,False
frame_2281.jpg,True,False
frame_2282.jpg,False,True
frame_229.jpg,False,True
frame_2291.jpg,False,True
frame_2292.jpg,True,False
frame_2293.jpg,False,True
frame_2294.jpg,False,True
frame_2295.jpg,False,True
frame_2296.jpg,False,True
frame_2297.jpg,False,True
frame_23.jpg,False,True
frame_230.jpg,False,True
frame_2300.jpg,False,True
frame_2301.jpg,False,True
frame_2306.jpg,False,True
frame_2307.jpg,False,True
frame_2308.jpg,False,True
frame_2309.jpg,False,True
frame_231.jpg,False,True
frame_2310.jpg,False,True
frame_2311.jpg,False,True
frame_2317.jpg,False,True
frame_2318.jpg,False,True
frame_2319.jpg,False,True
frame_232.jpg,False,True
frame_2321.jpg,False,True
frame_2322.jpg,False,True
frame_2323.jpg,False,True
frame_2326.jpg,False,True
frame_2327.jpg,False,True
frame_2328.jpg,False,True
frame_2329.jpg,False,True
frame_233.jpg,True,False
frame_2331.jpg,False,True
frame_2332.jpg,False,True
frame_2333.jpg,False,True
frame_2335.jpg,False,True
frame_2336.jpg,False,True
frame_2337.jpg,False,True
frame_2338.jpg,False,True
frame_2339.jpg,False,True
frame_2341.jpg,False,True
frame_2342.jpg,False,True
frame_2343.jpg,False,True
frame_2345.jpg,False,True
frame_2347.jpg,False,True
frame_2348.jpg,False,True
frame_2349.jpg,False,True
frame_235.jpg,True,False
frame_2351.jpg,False,True
frame_2352.jpg,False,True
frame_2353.jpg,False,True
frame_2354.jpg,False,True
frame_2355.jpg,False,True
frame_2356.jpg,False,True
frame_2357.jpg,False,True
frame_2361.jpg,False,True
frame_2362.jpg,False,True
frame_2364.jpg,False,True
frame_2365.jpg,False,True
frame_2368.jpg,False,True
frame_2369.jpg,False,True
frame_2371.jpg,False,True
frame_2377.jpg,False,True
frame_2378.jpg,True,False
frame_2379.jpg,True,False
frame_2380.jpg,True,False
frame_2381.jpg,True,False
frame_2382.jpg,True,False
frame_2383.jpg,True,False
frame_2384.jpg,True,False
frame_2385.jpg,False,True
frame_2386.jpg,False,True
frame_2387.jpg,False,True
frame_2388.jpg,False,True
frame_2389.jpg,False,True
frame_2390.jpg,False,True
frame_2391.jpg,False,True
frame_2392.jpg,False,True
frame_2393.jpg,False,True
frame_2394.jpg,False,True
frame_2395.jpg,False,True
frame_2396.jpg,False,True
frame_2397.jpg,False,True
frame_2399.jpg,False,True
frame_24.jpg,True,False
frame_2402.jpg,False,True
frame_2403.jpg,False,True
frame_2404.jpg,False,True
frame_2405.jpg,False,True
frame_2406.jpg,True,False
frame_2408.jpg,True,False
frame_2409.jpg,True,False
frame_2410.jpg,True,False
frame_2411.jpg,True,False
frame_2413.jpg,True,False
frame_2415.jpg,True,False
frame_2416.jpg,False,True
frame_2423.jpg,False,True
frame_2425.jpg,True,False
frame_2426.jpg,True,False
frame_2427.jpg,True,False
frame_2429.jpg,True,False
frame_2432.jpg,True,False
frame_2433.jpg,False,True
frame_2434.jpg,False,True
frame_2436.jpg,False,True
frame_2437.jpg,False,True
frame_2438.jpg,False,True
frame_2442.jpg,False,True
frame_2443.jpg,False,True
frame_2444.jpg,False,True
frame_2445.jpg,False,True
frame_2446.jpg,False,True
frame_2448.jpg,False,True
frame_2449.jpg,False,True
frame_2450.jpg,False,True
frame_2452.jpg,False,True
frame_2454.jpg,False,True
frame_2457.jpg,False,True
frame_2462.jpg,True,False
frame_2468.jpg,True,False
frame_2469.jpg,True,False
frame_2470.jpg,True,False
frame_2471.jpg,False,True
frame_2472.jpg,False,True
frame_2473.jpg,False,True
frame_2474.jpg,False,True
frame_2477.jpg,True,False
frame_2480.jpg,True,False
frame_2486.jpg,False,True
frame_2487.jpg,False,True
frame_2488.jpg,True,False
frame_2489.jpg,True,False
frame_2495.jpg,False,True
frame_2496.jpg,False,True
frame_2497.jpg,True,False
frame_2498.jpg,False,True
frame_2499.jpg,False,True
frame_25.jpg,True,False
frame_2500.jpg,False,True
frame_2501.jpg,False,True
frame_2502.jpg,False,True
frame_2504.jpg,False,True
frame_2505.jpg,False,True
frame_2506.jpg,False,True
frame_2507.jpg,False,True
frame_3136.jpg,False,True
frame_2508.jpg,False,True
frame_2509.jpg,True,False
frame_2510.jpg,False,True
frame_2511.jpg,False,True
frame_2512.jpg,False,True
frame_2513.jpg,False,True
frame_2514.jpg,False,True
frame_2515.jpg,False,True
frame_2516.jpg,False,True
frame_2517.jpg,False,True
frame_2570.jpg,True,False
frame_2571.jpg,True,False
frame_2577.jpg,True,False
frame_2578.jpg,False,True
frame_2579.jpg,False,True
frame_2580.jpg,False,True
frame_2581.jpg,False,True
frame_2582.jpg,False,True
frame_2584.jpg,False,True
frame_2586.jpg,False,True
frame_2587.jpg,False,True
frame_2588.jpg,False,True
frame_2589.jpg,True,False
frame_2590.jpg,True,False
frame_2598.jpg,True,False
frame_2610.jpg,False,True
frame_2616.jpg,True,False
frame_2622.jpg,True,False
frame_2625.jpg,False,True
frame_2626.jpg,False,True
frame_2629.jpg,False,True
frame_2630.jpg,False,True
frame_2631.jpg,False,True
frame_2632.jpg,False,True
frame_2633.jpg,True,False
frame_2518.jpg,False,True
frame_2519.jpg,False,True
frame_2521.jpg,False,True
frame_2526.jpg,False,True
frame_2527.jpg,False,True
frame_2528.jpg,False,True
frame_2529.jpg,False,True
frame_2530.jpg,False,True
frame_2532.jpg,False,True
frame_2533.jpg,False,True
frame_2536.jpg,False,True
frame_2537.jpg,False,True
frame_2552.jpg,False,True
frame_2553.jpg,False,True
frame_2555.jpg,False,True
frame_2561.jpg,False,True
frame_2562.jpg,False,True
frame_2564.jpg,False,True
frame_2635.jpg,True,False
frame_2636.jpg,False,True
frame_2637.jpg,False,True
frame_2638.jpg,False,True
frame_2639.jpg,False,True
frame_2640.jpg,True,False
frame_2641.jpg,False,True
frame_2642.jpg,False,True
frame_2643.jpg,False,True
frame_2646.jpg,False,True
frame_2647.jpg,False,True
frame_2648.jpg,False,True
frame_2649.jpg,False,True
frame_2650.jpg,False,True
frame_2655.jpg,False,True
frame_2656.jpg,False,True
frame_2657.jpg,False,True
frame_2658.jpg,True,False
frame_2659.jpg,False,True
frame_2660.jpg,False,True
frame_2661.jpg,False,True
frame_2662.jpg,True,False
frame_2663.jpg,False,True
frame_3100.jpg,False,True
frame_3102.jpg,False,True
frame_3106.jpg,False,True
frame_3108.jpg,False,True
frame_3109.jpg,False,True
frame_3110.jpg,False,True
frame_3111.jpg,False,True
frame_3112.jpg,False,True
frame_3113.jpg,False,True
frame_3114.jpg,False,True
frame_3115.jpg,True,False
frame_3116.jpg,False,True
frame_3117.jpg,True,False
frame_3123.jpg,False,True
frame_3124.jpg,False,True
frame_3125.jpg,False,True
frame_3126.jpg,False,True
frame_3127.jpg,False,True
frame_3128.jpg,False,True
frame_3129.jpg,False,True
frame_3130.jpg,False,True
frame_3131.jpg,False,True
frame_3132.jpg,False,True
frame_3133.jpg,False,True
frame_3134.jpg,False,True
frame_3136.jpg,False,True
frame_3138.jpg,False,True
frame_3140.jpg,False,True
frame_3144.jpg,False,True
frame_3148.jpg,False,True
frame_3149.jpg,False,True
frame_3150.jpg,False,True
frame_3154.jpg,False,True
frame_3155.jpg,False,True
frame_3160.jpg,False,True
frame_3161.jpg,False,True
frame_3164.jpg,False,True
frame_3165.jpg,False,True
frame_3166.jpg,False,True
frame_3168.jpg,False,True
frame_3169.jpg,False,True
frame_3170.jpg,False,True
frame_3171.jpg,False,True
frame_3172.jpg,False,True
frame_3173.jpg,False,True
frame_3174.jpg,False,True
frame_3175.jpg,False,True
frame_3176.jpg,True,False
frame_3177.jpg,True,False
frame_3178.jpg,True,False
frame_3181.jpg,True,False
frame_3182.jpg,True,False
frame_3183.jpg,False,True
frame_3184.jpg,False,True
frame_3185.jpg,False,True
frame_3186.jpg,False,True
frame_3187.jpg,False,True
frame_3188.jpg,False,True
frame_3190.jpg,False,True
frame_3191.jpg,False,True
frame_3192.jpg,False,True
frame_3193.jpg,False,True
frame_3195.jpg,False,True
frame_3203.jpg,False,True
frame_3204.jpg,False,True
frame_3205.jpg,False,True
frame_3208.jpg,False,True
frame_3209.jpg,False,True
frame_3217.jpg,False,True
frame_3218.jpg,False,True
frame_3220.jpg,False,True
frame_3225.jpg,False,True
frame_3227.jpg,False,True
frame_3228.jpg,False,True
frame_3231.jpg,False,True
frame_3234.jpg,False,True
frame_3235.jpg,False,True
frame_3236.jpg,False,True
frame_3237.jpg,False,True
frame_3239.jpg,False,True
frame_3240.jpg,False,True
frame_3243.jpg,False,True
frame_3245.jpg,False,True
frame_3247.jpg,False,True
frame_3250.jpg,False,True
frame_3251.jpg,False,True
frame_3259.jpg,False,True
frame_3263.jpg,False,True
frame_3264.jpg,False,True
frame_3266.jpg,False,True
frame_3267.jpg,False,True
frame_3268.jpg,False,True
frame_3269.jpg,False,True
frame_3270.jpg,False,True
frame_3271.jpg,False,True
frame_3273.jpg,False,True
frame_3274.jpg,False,True
frame_3276.jpg,False,True
frame_3277.jpg,False,True
frame_3279.jpg,False,True
frame_3280.jpg,False,True
frame_3281.jpg,False,True
frame_3282.jpg,False,True
frame_3284.jpg,False,True
frame_3286.jpg,False,True
frame_3287.jpg,False,True
frame_3288.jpg,False,True
frame_3289.jpg,True,False
frame_3290.jpg,False,True
frame_3295.jpg,False,True
frame_3297.jpg,False,True
frame_3299.jpg,False,True
frame_3300.jpg,False,True
frame_3301.jpg,False,True
frame_3302.jpg,False,True
frame_3303.jpg,False,True
frame_3304.jpg,False,True
frame_3306.jpg,False,True
frame_3307.jpg,False,True
frame_3308.jpg,False,True
frame_3311.jpg,False,True
frame_3312.jpg,False,True
frame_3313.jpg,False,True
frame_3315.jpg,False,True
frame_3316.jpg,False,True
frame_3317.jpg,False,True
frame_3318.jpg,False,True
frame_3320.jpg,False,True
frame_3322.jpg,False,True
frame_3323.jpg,False,True
frame_3324.jpg,False,True
frame_3325.jpg,False,True
frame_3326.jpg,False,True
frame_3327.jpg,False,True
frame_3328.jpg,False,True
frame_3331.jpg,False,True
frame_3334.jpg,False,True
frame_3336.jpg,False,True
frame_3338.jpg,False,True
frame_3339.jpg,False,True
frame_3340.jpg,False,True
frame_3341.jpg,False,True
frame_3342.jpg,False,True
frame_3343.jpg,False,True
frame_3346.jpg,False,True
frame_3347.jpg,False,True
frame_3348.jpg,False,True
frame_3350.jpg,False,True
frame_3351.jpg,False,True
frame_3352.jpg,False,True
frame_3353.jpg,False,True
frame_3354.jpg,False,True
frame_3355.jpg,False,True
frame_3358.jpg,False,True
frame_3359.jpg,False,True
frame_3361.jpg,False,True
frame_3362.jpg,False,True
frame_3363.jpg,False,True
frame_3364.jpg,True,False
frame_3365.jpg,True,False
frame_3368.jpg,False,True
frame_3374.jpg,False,True
frame_3375.jpg,False,True
frame_3376.jpg,False,True
frame_3377.jpg,False,True
frame_3378.jpg,False,True
frame_3379.jpg,False,True
frame_3381.jpg,False,True
frame_3382.jpg,False,True
frame_3383.jpg,False,True
frame_3390.jpg,False,True
frame_3391.jpg,False,True
frame_3392.jpg,False,True
frame_3393.jpg,False,True
frame_3394.jpg,False,True
frame_3395.jpg,False,True
frame_3396.jpg,False,True
frame_3397.jpg,False,True
frame_3398.jpg,False,True
frame_3399.jpg,False,True
frame_3403.jpg,False,True
frame_3404.jpg,False,True
frame_3408.jpg,False,True
frame_3409.jpg,False,True
frame_3410.jpg,False,True
frame_3411.jpg,False,True
frame_3414.jpg,False,True
frame_3415.jpg,False,True
frame_3417.jpg,False,True
frame_3418.jpg,False,True
frame_3419.jpg,False,True
frame_3420.jpg,False,True
frame_3421.jpg,False,True
frame_3422.jpg,False,True
frame_3423.jpg,False,True
frame_3424.jpg,False,True
frame_3425.jpg,False,True
frame_3426.jpg,False,True
frame_3427.jpg,False,True
frame_3428.jpg,False,True
frame_3430.jpg,False,True
frame_3434.jpg,False,True
frame_3439.jpg,False,True
frame_3441.jpg,False,True
frame_3443.jpg,False,True
frame_3445.jpg,False,True
frame_3446.jpg,False,True
frame_3449.jpg,False,True
frame_3450.jpg,False,True
frame_3452.jpg,False,True
frame_3455.jpg,False,True
frame_3457.jpg,False,True
frame_3458.jpg,False,True
frame_3466.jpg,False,True
frame_3472.jpg,False,True
frame_3473.jpg,False,True
frame_3474.jpg,False,True
frame_3475.jpg,False,True
frame_3476.jpg,False,True
frame_3477.jpg,False,True
frame_3481.jpg,False,True
frame_3479.jpg,False,True
frame_3482.jpg,True,False
frame_3491.jpg,True,False
frame_3494.jpg,True,False
frame_3501.jpg,True,False
frame_3502.jpg,False,True
frame_3503.jpg,False,True
frame_3504.jpg,False,True
frame_3505.jpg,False,True
frame_3506.jpg,False,True
frame_3508.jpg,False,True
frame_3510.jpg,False,True
frame_3511.jpg,False,True
frame_3512.jpg,False,True
frame_3514.jpg,False,True
frame_3519.jpg,False,True
frame_3520.jpg,True,False
frame_3524.jpg,True,False
frame_3525.jpg,False,True
frame_3526.jpg,False,True
frame_3529.jpg,False,True
frame_3530.jpg,False,True
frame_3533.jpg,False,True
frame_3534.jpg,False,True
frame_3535.jpg,False,True
frame_3536.jpg,False,True
frame_3538.jpg,False,True
frame_3539.jpg,False,True
frame_3541.jpg,False,True
frame_3542.jpg,False,True
frame_3543.jpg,False,True
frame_3544.jpg,False,True
frame_3545.jpg,False,True
frame_3548.jpg,False,True
frame_3553.jpg,False,True
frame_3555.jpg,False,True
frame_3557.jpg,False,True
frame_3558.jpg,False,True
frame_3560.jpg,False,True
frame_3561.jpg,False,True
frame_3562.jpg,False,True
frame_3563.jpg,False,True
frame_3566.jpg,False,True
frame_3573.jpg,False,True
frame_3574.jpg,True,False
frame_3576.jpg,True,False
frame_3577.jpg,False,True
frame_3578.jpg,False,True
frame_3579.jpg,False,True
frame_3580.jpg,False,True
frame_3581.jpg,False,True
frame_3584.jpg,False,True
frame_3585.jpg,False,True
frame_3588.jpg,False,True
frame_3591.jpg,False,True
frame_3593.jpg,False,True
frame_3594.jpg,False,True
frame_3595.jpg,False,True
frame_3600.jpg,False,True
frame_3601.jpg,False,True
frame_3602.jpg,False,True
frame_3603.jpg,False,True
frame_3606.jpg,False,True
frame_3607.jpg,False,True
frame_3609.jpg,False,True
frame_3610.jpg,False,True
frame_3613.jpg,False,True
frame_3614.jpg,False,True
frame_3617.jpg,False,True
frame_3618.jpg,False,True
frame_3619.jpg,False,True
frame_3620.jpg,True,False
frame_3621.jpg,True,False
frame_3622.jpg,False,True
frame_3623.jpg,True,False
frame_3624.jpg,False,True
frame_3625.jpg,True,False
frame_3628.jpg,True,False
frame_3629.jpg,True,False
frame_3633.jpg,False,True
frame_3634.jpg,False,True
frame_3635.jpg,False,True
frame_3636.jpg,False,True
frame_3637.jpg,False,True
frame_3639.jpg,False,True
frame_3641.jpg,False,True
frame_3643.jpg,False,True
frame_3645.jpg,False,True
frame_3646.jpg,False,True
frame_3649.jpg,False,True
frame_3650.jpg,False,True
frame_3651.jpg,False,True
frame_3652.jpg,False,True
frame_3653.jpg,False,True
frame_3655.jpg,False,True
frame_3656.jpg,False,True
frame_3657.jpg,False,True
frame_3658.jpg,False,True
frame_3659.jpg,False,True
frame_3661.jpg,False,True
frame_3662.jpg,False,True
frame_3663.jpg,False,True
frame_3664.jpg,False,True
frame_3665.jpg,False,True
frame_3669.jpg,False,True
frame_3670.jpg,False,True
frame_3671.jpg,False,True
frame_3672.jpg,False,True
frame_3673.jpg,False,True
frame_3674.jpg,False,True
frame_3675.jpg,False,True
frame_3676.jpg,False,True
frame_3677.jpg,False,True
frame_3678.jpg,False,True
frame_3679.jpg,False,True
frame_3680.jpg,False,True
frame_3681.jpg,False,True
frame_3684.jpg,False,True
frame_3685.jpg,False,True
frame_3686.jpg,False,True
frame_3687.jpg,false,True
frame_3688.jpg,False,True
frame_3689.jpg,True,False
frame_3691.jpg,True,False
frame_3692.jpg,True,False
frame_3693.jpg,True,False
frame_3697.jpg,False,True
frame_3698.jpg,False,True
frame_3699.jpg,False,True
frame_3701.jpg,False,True
frame_3702.jpg,False,True
frame_3703.jpg,False,True
frame_3704.jpg,False,True
frame_3705.jpg,False,True
frame_3706.jpg,False,True
frame_3707.jpg,False,True
frame_3708.jpg,False,True
frame_3709.jpg,False,True
frame_3710.jpg,False,True
frame_3711.jpg,False,True
frame_3712.jpg,False,True
frame_3716.jpg,False,True
frame_3717.jpg,False,True
frame_3718.jpg,False,True
frame_3720.jpg,False,True
frame_3723.jpg,False,True
frame_3724.jpg,False,True
frame_3726.jpg,False,True
frame_3727.jpg,False,True
frame_3728.jpg,False,True
frame_3733.jpg,False,True
frame_3734.jpg,False,True
frame_3735.jpg,False,True
frame_3736.jpg,False,True
frame_3737.jpg,False,True
frame_3738.jpg,False,True
frame_3739.jpg,False,True
frame_3740.jpg,False,True
frame_3741.jpg,False,True
frame_3742.jpg,False,True
frame_3743.jpg,False,True
frame_3746.jpg,False,True
frame_3750.jpg,True,False
frame_3751.jpg,False,True
frame_3753.jpg,True,False
frame_3757.jpg,True,False
frame_3758.jpg,True,False
frame_3759.jpg,True,False
frame_3760.jpg,False,True
frame_3765.jpg,True,False
frame_3769.jpg,False,True
frame_3770.jpg,False,True
frame_3771.jpg,False,True
frame_3772.jpg,False,True
frame_3775.jpg,True,False
frame_3778.jpg,True,False
frame_3780.jpg,False,True
frame_3781.jpg,False,True
frame_3782.jpg,False,True
frame_3786.jpg,False,True
frame_3788.jpg,False,True
frame_3792.jpg,False,True
frame_3795.jpg,False,True
frame_3797.jpg,False,True
frame_3798.jpg,False,True
frame_3799.jpg,False,True
frame_3804.jpg,False,True
frame_3805.jpg,False,True
frame_3806.jpg,False,True
frame_3807.jpg,False,True
frame_3809.jpg,False,True
frame_3810.jpg,False,True
frame_3811.jpg,False,True
frame_3816.jpg,False,True
frame_3817.jpg,True,False
frame_3819.jpg,True,False
frame_3824.jpg,True,False
frame_3826.jpg,True,False
frame_3831.jpg,True,False
frame_3833.jpg,False,True
frame_3834.jpg,False,True
frame_3836.jpg,False,True
frame_3847.jpg,False,True
frame_3848.jpg,False,True
frame_3849.jpg,False,True
frame_3850.jpg,False,True
frame_3851.jpg,False,True
frame_3852.jpg,False,True
frame_3857.jpg,False,True
frame_3859.jpg,False,True
frame_3861.jpg,False,True
frame_3863.jpg,False,True
frame_3865.jpg,False,True
frame_3869.jpg,False,True
frame_3870.jpg,False,True
frame_3871.jpg,False,True
frame_3876.jpg,False,True
frame_3879.jpg,False,True
frame_3880.jpg,False,True
frame_3881.jpg,False,True
frame_3898.jpg,False,True
frame_3899.jpg,False,True
frame_3901.jpg,False,True
frame_3902.jpg,False,True
frame_3906.jpg,False,True
frame_3907.jpg,False,True
frame_3908.jpg,False,True
frame_4104.jpg,True,False
frame_4105.jpg,False,True
frame_4106.jpg,False,True
frame_4107.jpg,False,True
frame_4108.jpg,False,True
frame_4109.jpg,False,True
frame_4110.jpg,False,True
frame_4112.jpg,False,True
frame_4113.jpg,False,True
frame_4114.jpg,False,True
frame_4115.jpg,False,True
frame_4116.jpg,False,True
frame_4117.jpg,True,False
frame_4119.jpg,False,True
frame_4120.jpg,False,True
frame_4121.jpg,False,True
frame_4122.jpg,False,True
frame_4123.jpg,False,True
frame_4124.jpg,True,False
frame_4128.jpg,False,True
frame_4131.jpg,False,True
frame_4140.jpg,False,True
frame_4141.jpg,False,True
frame_4142.jpg,False,True
frame_4143.jpg,False,True
frame_4144.jpg,False,True
frame_4148.jpg,False,True
frame_4149.jpg,False,True
frame_4151.jpg,False,True
frame_4153.jpg,False,True
frame_4156.jpg,False,True
frame_4157.jpg,False,True
frame_4161.jpg,False,True
frame_4173.jpg,True,False
frame_4174.jpg,True,False
frame_4175.jpg,True,False
frame_4176.jpg,True,False
frame_4184.jpg,True,False
frame_4186.jpg,True,False
frame_4187.jpg,True,False
frame_4188.jpg,False,True
frame_4189.jpg,False,True
frame_4191.jpg,False,True
frame_4192.jpg,False,True
frame_4194.jpg,False,True
frame_4195.jpg,False,True
frame_4197.jpg,False,True
frame_4199.jpg,False,True
frame_4200.jpg,False,True
frame_4201.jpg,False,True
frame_4202.jpg,True,False
frame_4203.jpg,True,False
frame_4204.jpg,True,False
frame_4205.jpg,False,True
frame_4206.jpg,True,False
frame_4208.jpg,True,False
frame_4211.jpg,True,False
frame_4213.jpg,True,False
frame_4214.jpg,False,True
frame_4215.jpg,False,True
frame_4216.jpg,False,True
frame_4217.jpg,False,True
frame_4224.jpg,False,True
frame_4225.jpg,False,True
frame_4226.jpg,False,True
frame_4229.jpg,False,True
frame_4234.jpg,False,True
frame_4235.jpg,False,True
frame_4236.jpg,False,True
frame_4243.jpg,False,True
frame_4244.jpg,False,True
frame_4246.jpg,False,True
frame_4247.jpg,False,True
frame_4251.jpg,False,True
frame_4253.jpg,False,True
frame_4254.jpg,False,True
frame_4255.jpg,False,True
frame_4256.jpg,False,True
frame_4257.jpg,False,True
frame_4259.jpg,False,True
frame_4262.jpg,False,True
frame_4263.jpg,True,False
frame_4264.jpg,False,True
frame_4265.jpg,False,True
frame_4266.jpg,False,True
frame_4269.jpg,False,True
frame_4270.jpg,False,True
frame_4271.jpg,False,True
frame_4272.jpg,False,True
frame_4274.jpg,False,True
frame_4275.jpg,False,True
frame_4276.jpg,False,True
frame_4277.jpg,False,True
frame_4278.jpg,False,True
frame_4296.jpg,False,True
frame_4298.jpg,False,True
frame_4300.jpg,False,True
frame_4301.jpg,False,True
frame_4302.jpg,False,True
frame_4304.jpg,False,True
frame_4306.jpg,False,True
frame_4310.jpg,False,True
frame_4311.jpg,False,True
frame_4313.jpg,False,True
frame_4314.jpg,False,True
frame_4315.jpg,False,True
frame_4316.jpg,False,True
frame_4317.jpg,False,True
frame_4318.jpg,True,False
frame_4319.jpg,False,True
frame_4320.jpg,False,True
frame_4321.jpg,False,True
frame_4323.jpg,False,True
frame_4324.jpg,False,True
frame_4327.jpg,False,True
frame_4328.jpg,False,True
frame_4330.jpg,False,True
frame_4331.jpg,False,True
frame_4332.jpg,False,True
frame_4334.jpg,False,True
frame_4335.jpg,False,True
frame_4336.jpg,False,True
frame_4337.jpg,False,True
frame_4338.jpg,False,True
frame_4339.jpg,False,True
frame_4341.jpg,False,True
frame_4342.jpg,False,True
frame_4348.jpg,False,True
frame_4349.jpg,False,True
frame_4351.jpg,False,True
frame_4352.jpg,False,True
frame_4353.jpg,False,True
frame_4354.jpg,False,True
frame_4355.jpg,False,True
frame_4356.jpg,True,False
frame_4357.jpg,False,True
frame_4359.jpg,False,True
frame_4369.jpg,True,False
frame_4370.jpg,True,False
frame_4371.jpg,False,True
frame_4372.jpg,True,False
frame_4375.jpg,False,True
frame_4376.jpg,True,False
frame_4378.jpg,True,False
frame_4379.jpg,True,False
frame_4380.jpg,False,True
frame_4381.jpg,False,True
frame_4382.jpg,False,True
frame_4383.jpg,False,True
frame_4384.jpg,False,True
frame_4387.jpg,False,True
frame_4390.jpg,False,True
frame_4391.jpg,False,True
frame_4392.jpg,False,True
frame_4400.jpg,False,True
frame_4402.jpg,False,True
frame_4404.jpg,False,True
frame_4408.jpg,False,True
frame_4409.jpg,False,True
frame_4411.jpg,False,True
frame_4413.jpg,False,True
frame_4415.jpg,False,True
frame_4416.jpg,False,True
frame_4422.jpg,False,True
frame_4423.jpg,False,True
frame_4426.jpg,False,True
frame_4432.jpg,False,True
frame_4434.jpg,False,True
frame_4435.jpg,False,True
frame_4436.jpg,False,True
frame_4437.jpg,False,True
frame_4438.jpg,True,False
frame_4439.jpg,True,False
frame_4445.jpg,True,False
frame_4449.jpg,True,False
frame_4452.jpg,True,False
frame_4463.jpg,True,False
frame_4464.jpg,False,True
frame_4465.jpg,False,True
frame_4466.jpg,False,True
frame_4468.jpg,False,True
frame_4469.jpg,False,True
frame_4472.jpg,False,True
frame_4473.jpg,False,True
frame_4474.jpg,False,True
frame_4476.jpg,False,True
frame_4478.jpg,False,True
frame_4479.jpg,False,True
frame_4481.jpg,False,True
frame_4482.jpg,False,True
frame_4488.jpg,False,True
frame_4490.jpg,False,True
frame_4491.jpg,False,True
frame_4492.jpg,False,True
frame_5105.jpg,False,True
frame_5107.jpg,False,True
frame_5111.jpg,False,True
frame_5113.jpg,False,True
frame_5114.jpg,False,True
frame_5115.jpg,False,True
frame_5116.jpg,False,True
frame_5118.jpg,False,True
frame_5119.jpg,False,True
frame_5120.jpg,False,True
frame_5121.jpg,False,True
frame_5122.jpg,False,True
frame_5123.jpg,False,True
frame_5124.jpg,False,True
frame_5128.jpg,False,True
frame_5129.jpg,False,True
frame_5130.jpg,False,True
frame_5131.jpg,False,True
frame_5132.jpg,False,True
frame_5135.jpg,False,True
frame_5175.jpg,False,True
frame_5176.jpg,False,True
frame_5183.jpg,False,True
frame_5188.jpg,False,True
frame_5191.jpg,False,True
frame_5194.jpg,False,True
frame_5195.jpg,False,True
frame_5196.jpg,False,True
frame_5202.jpg,False,True
frame_5203.jpg,False,True
frame_5204.jpg,False,True
frame_5212.jpg,False,True
frame_5216.jpg,False,True
frame_5220.jpg,False,True
frame_5221.jpg,False,True
frame_5234.jpg,False,True
frame_5237.jpg,False,True
frame_5251.jpg,False,True
frame_5253.jpg,False,True
frame_5254.jpg,False,True
frame_5255.jpg,False,True
frame_5264.jpg,False,True
frame_5265.jpg,False,True
frame_5270.jpg,False,True
frame_5271.jpg,False,True
frame_5281.jpg,False,True
frame_5285.jpg,False,True
frame_5289.jpg,False,True
frame_5293.jpg,False,True
frame_5296.jpg,False,True
frame_5301.jpg,False,True
frame_5302.jpg,False,True
frame_5304.jpg,False,True
frame_5305.jpg,False,True
frame_5306.jpg,False,True
frame_5308.jpg,False,True
frame_5309.jpg,False,True
frame_5310.jpg,False,True
frame_5312.jpg,False,True
frame_5314.jpg,False,True
frame_5315.jpg,False,True
frame_5316.jpg,False,True
frame_5317.jpg,False,True
frame_5322.jpg,False,True
frame_5323.jpg,False,True
frame_5324.jpg,False,True
frame_5325.jpg,False,True
frame_5328.jpg,False,True
frame_5331.jpg,False,True
frame_5332.jpg,False,True
frame_5360.jpg,False,True
frame_5361.jpg,False,True
frame_5365.jpg,False,True
frame_5384.jpg,False,True
frame_5387.jpg,False,True
frame_5389.jpg,False,True
frame_5392.jpg,False,True
frame_5416.jpg,False,True
frame_5419.jpg,False,True
frame_5420.jpg,False,True
frame_5421.jpg,False,True
frame_5422.jpg,False,True
frame_5423.jpg,False,True
frame_5424.jpg,False,True
frame_5425.jpg,False,True
frame_5426.jpg,False,True
frame_5427.jpg,False,True
frame_5429.jpg,False,True
frame_5434.jpg,False,True
frame_5435.jpg,False,True
frame_5443.jpg,False,True
frame_5444.jpg,False,True
frame_5445.jpg,False,True
frame_5446.jpg,False,True
frame_5451.jpg,False,True
frame_5453.jpg,False,True
frame_5454.jpg,False,True
frame_5455.jpg,False,True
frame_5457.jpg,False,True
frame_5463.jpg,False,True
frame_5464.jpg,False,True
frame_5466.jpg,False,True
frame_5467.jpg,False,True
frame_5469.jpg,False,True
frame_5470.jpg,False,True
frame_5471.jpg,False,True
frame_5472.jpg,False,True
frame_5475.jpg,False,True
frame_5476.jpg,False,True
frame_5477.jpg,False,True
frame_5478.jpg,False,True
frame_5479.jpg,False,True
frame_5480.jpg,False,True
frame_5484.jpg,False,True
frame_5486.jpg,False,True
frame_5487.jpg,False,True
frame_5489.jpg,False,True
frame_5491.jpg,False,True
frame_5494.jpg,False,True
frame_5499.jpg,False,True
frame_5500.jpg,False,True
frame_5501.jpg,False,True
frame_5504.jpg,False,True
frame_5505.jpg,False,True
frame_5506.jpg,False,True
frame_5507.jpg,False,True
frame_5508.jpg,False,True
frame_5515.jpg,False,True
frame_5518.jpg,True,False
frame_5519.jpg,True,False
frame_5525.jpg,True,False
frame_5529.jpg,True,False
frame_5531.jpg,True,False
frame_5532.jpg,True,False
frame_5538.jpg,True,False
frame_5539.jpg,True,False
frame_5546.jpg,True,False
frame_5547.jpg,True,False
frame_5553.jpg,True,False
frame_5555.jpg,True,False
frame_5556.jpg,True,False
frame_5557.jpg,True,False
frame_5558.jpg,False,True
frame_5559.jpg,False,True
frame_5560.jpg,False,True
frame_5561.jpg,False,True
frame_5564.jpg,False,True
frame_5565.jpg,False,True
frame_5566.jpg,False,True
frame_5567.jpg,False,True
frame_5568.jpg,False,True
frame_5571.jpg,False,True
frame_5581.jpg,False,True
frame_5583.jpg,False,True
frame_5585.jpg,False,True
frame_5587.jpg,False,True
frame_5592.jpg,False,True
frame_5595.jpg,False,True
frame_5600.jpg,False,True
frame_5610.jpg,False,True
frame_5625.jpg,False,True
frame_5643.jpg,False,True
frame_5651.jpg,False,True
frame_5656.jpg,False,True
frame_5657.jpg,False,True
frame_5660.jpg,False,True
frame_5662.jpg,False,True
frame_5663.jpg,False,True
frame_5664.jpg,False,True
frame_5665.jpg,False,True
frame_5666.jpg,False,True
frame_5667.jpg,False,True
frame_5669.jpg,False,True
frame_5671.jpg,False,True
frame_5674.jpg,False,True
frame_5675.jpg,False,True
frame_5676.jpg,False,True
frame_5678.jpg,False,True
frame_5679.jpg,False,True
frame_5686.jpg,False,True
frame_5687.jpg,False,True
frame_5711.jpg,False,True
frame_5717.jpg,False,True
frame_5718.jpg,False,True
frame_5719.jpg,False,True
frame_5720.jpg,False,True
frame_5727.jpg,False,True
frame_5751.jpg,False,True
frame_5762.jpg,False,True
frame_5764.jpg,False,True
frame_5767.jpg,False,True
frame_5771.jpg,False,True
frame_5772.jpg,False,True
frame_5774.jpg,False,True
frame_5778.jpg,False,True
frame_5779.jpg,False,True
frame_5780.jpg,False,True
frame_5781.jpg,False,True
frame_5782.jpg,False,True
frame_5783.jpg,False,True
frame_5785.jpg,False,True
frame_5787.jpg,False,True
frame_5788.jpg,False,True
frame_5789.jpg,False,True
frame_5790.jpg,False,True
frame_5791.jpg,False,True
frame_5793.jpg,False,True
frame_5794.jpg,False,True
frame_5799.jpg,False,True
frame_5800.jpg,False,True
frame_5801.jpg,False,True
frame_5802.jpg,False,True
frame_5803.jpg,False,True
frame_5804.jpg,False,True
frame_5805.jpg,False,True
frame_5806.jpg,False,True
frame_5808.jpg,False,True
frame_5809.jpg,True,False
frame_5810.jpg,False,True
frame_5811.jpg,False,True
frame_5812.jpg,False,True
frame_5814.jpg,False,True
frame_5815.jpg,False,True
frame_5818.jpg,False,True
frame_5819.jpg,False,True
frame_5820.jpg,False,True
frame_5821.jpg,True,False
frame_5822.jpg,False,True
frame_5823.jpg,True,False
frame_5830.jpg,False,True
frame_5832.jpg,False,True
frame_5833.jpg,True,False
frame_5834.jpg,False,True
frame_5835.jpg,False,True
frame_5837.jpg,False,True
frame_5838.jpg,False,True
frame_5839.jpg,False,True
frame_5840.jpg,False,True
frame_5843.jpg,False,True
frame_5844.jpg,False,True
frame_5845.jpg,False,True
frame_5847.jpg,False,True
frame_5849.jpg,False,True
frame_5853.jpg,False,True
frame_5854.jpg,False,True
frame_5855.jpg,False,True
frame_5856.jpg,False,True
frame_5857.jpg,False,True
frame_5858.jpg,False,True
frame_5859.jpg,False,True
frame_5860.jpg,False,True
frame_5861.jpg,False,True
frame_5862.jpg,False,True
frame_5864.jpg,False,True
frame_5865.jpg,False,True
frame_5867.jpg,False,True
frame_5868.jpg,False,True
frame_5872.jpg,False,True
frame_5873.jpg,False,True
frame_5875.jpg,False,True
frame_5876.jpg,False,True
frame_5877.jpg,False,True
frame_5878.jpg,False,True
frame_5879.jpg,False,True
frame_5880.jpg,False,True
frame_5882.jpg,False,True
frame_5883.jpg,False,True
frame_5884.jpg,False,True
frame_5885.jpg,False,True
frame_5886.jpg,False,True
frame_5887.jpg,False,True
frame_5890.jpg,False,True
frame_5892.jpg,False,True
frame_5896.jpg,False,True
frame_5901.jpg,False,True
frame_5902.jpg,False,True
frame_5903.jpg,False,True
frame_5904.jpg,False,True
frame_5905.jpg,False,True
frame_6100.jpg,False,True
frame_6101.jpg,False,True
frame_6102.jpg,False,True
frame_6103.jpg,False,True
frame_6108.jpg,False,True
frame_6109.jpg,False,True
frame_6111.jpg,False,True
frame_6112.jpg,False,True
frame_6115.jpg,False,True
frame_6116.jpg,False,True
frame_6117.jpg,False,True
frame_6120.jpg,False,True
frame_6121.jpg,False,True
frame_6123.jpg,False,True
frame_6125.jpg,False,True
frame_6126.jpg,False,True
frame_6127.jpg,False,True
frame_6128.jpg,False,True
frame_6129.jpg,False,True
frame_6130.jpg,False,True
frame_6131.jpg,False,True
frame_6132.jpg,False,True
frame_6133.jpg,False,True
frame_6135.jpg,False,True
frame_6140.jpg,False,True
frame_6142.jpg,False,True
frame_6143.jpg,False,True
frame_6144.jpg,False,True
frame_6146.jpg,False,True
frame_6147.jpg,False,True
frame_6148.jpg,False,True
frame_6150.jpg,False,True
frame_6151.jpg,False,True
frame_6152.jpg,False,True
frame_6153.jpg,False,True
frame_6154.jpg,False,True
frame_6156.jpg,False,True
frame_6157.jpg,False,True
frame_6158.jpg,False,True
frame_6159.jpg,False,True
frame_6161.jpg,False,True
frame_6165.jpg,False,True
frame_6166.jpg,False,True
frame_6168.jpg,False,True
frame_6169.jpg,False,True
frame_6170.jpg,False,True
frame_6171.jpg,False,True
frame_6173.jpg,False,True
frame_6174.jpg,False,True
frame_6175.jpg,False,True
frame_6177.jpg,False,True
frame_6178.jpg,False,True
frame_6180.jpg,False,True
frame_6184.jpg,True,False
frame_6188.jpg,True,False
frame_6191.jpg,True,False
frame_6195.jpg,True,False
frame_6196.jpg,False,True
frame_6197.jpg,False,True
frame_6198.jpg,False,True
frame_6199.jpg,False,True
frame_6200.jpg,False,True
frame_6201.jpg,False,True
frame_6203.jpg,False,True
frame_6204.jpg,False,True
frame_6214.jpg,False,True
frame_6215.jpg,False,True
frame_6217.jpg,False,True
frame_6218.jpg,False,True
frame_6221.jpg,False,True
frame_6222.jpg,False,True
frame_6223.jpg,False,True
frame_6225.jpg,False,True
frame_6226.jpg,False,True
frame_6227.jpg,False,True
frame_6228.jpg,False,True
frame_6229.jpg,False,True
frame_6230.jpg,False,True
frame_6231.jpg,False,True
frame_6232.jpg,False,True
frame_6233.jpg,False,True
frame_6234.jpg,False,True
frame_6235.jpg,False,True
frame_6236.jpg,False,True
frame_6237.jpg,False,True
frame_6238.jpg,False,True
frame_6239.jpg,False,True
frame_6240.jpg,False,True
frame_6243.jpg,False,True
frame_6244.jpg,False,True
frame_6246.jpg,False,True
frame_6247.jpg,False,True
frame_6248.jpg,False,True
frame_6249.jpg,False,True
frame_6250.jpg,False,True
frame_6260.jpg,False,True
frame_6261.jpg,False,True
frame_6263.jpg,False,True
frame_6265.jpg,False,True
frame_6266.jpg,False,True
frame_6267.jpg,False,True
frame_6268.jpg,False,True
frame_6269.jpg,False,True
frame_6270.jpg,False,True
frame_6271.jpg,False,True
frame_6273.jpg,False,True
frame_6274.jpg,False,True
frame_6275.jpg,False,True
frame_6277.jpg,False,True
frame_6278.jpg,False,True
frame_6280.jpg,False,True
frame_6281.jpg,False,True
frame_6282.jpg,False,True
frame_6283.jpg,False,True
frame_6286.jpg,False,True
frame_6287.jpg,True,False
frame_6298.jpg,True,False
frame_6299.jpg,False,True
frame_6300.jpg,False,True
frame_6301.jpg,False,True
frame_6302.jpg,False,True
frame_6303.jpg,False,True
frame_6306.jpg,False,True
frame_6309.jpg,False,True
frame_6311.jpg,False,True
frame_6313.jpg,False,True
frame_6314.jpg,False,True
frame_6315.jpg,False,True
frame_6317.jpg,False,True
frame_6318.jpg,False,True
frame_6320.jpg,False,True
frame_6321.jpg,False,True
frame_6322.jpg,False,True
frame_6323.jpg,True,False
frame_6324.jpg,True,False
frame_6327.jpg,True,False
frame_6331.jpg,True,False
frame_6332.jpg,True,False
frame_6333.jpg,True,False
frame_6335.jpg,True,False
frame_6336.jpg,True,False
frame_6341.jpg,True,False
frame_6342.jpg,True,False
frame_6347.jpg,True,False
frame_6348.jpg,False,True
frame_6349.jpg,False,True
frame_6350.jpg,False,True
frame_6351.jpg,False,True
frame_6352.jpg,False,True
frame_6353.jpg,False,True
frame_6354.jpg,False,True
frame_6355.jpg,False,True
frame_6356.jpg,False,True
frame_6357.jpg,True,False
frame_6358.jpg,True,False
frame_6364.jpg,True,False
frame_6366.jpg,True,False
frame_6374.jpg,True,False
frame_6375.jpg,True,False
frame_6376.jpg,False,True
frame_6377.jpg,False,True
frame_6394.jpg,False,True
frame_6395.jpg,False,True
frame_6400.jpg,False,True
frame_6403.jpg,False,True
frame_6404.jpg,False,True
frame_6405.jpg,False,True
frame_6406.jpg,False,True
frame_6407.jpg,False,True
frame_6408.jpg,False,True
frame_6409.jpg,False,True
frame_6410.jpg,True,False
frame_6412.jpg,True,False
frame_6417.jpg,True,False
frame_6422.jpg,True,False
frame_6423.jpg,False,True
frame_6424.jpg,True,False
frame_6440.jpg,False,True
frame_6441.jpg,False,True
frame_6442.jpg,False,True
frame_6444.jpg,False,True
frame_6445.jpg,False,True
frame_6446.jpg,False,True
frame_6447.jpg,False,True
frame_6448.jpg,False,True
frame_6454.jpg,False,True
frame_6455.jpg,False,True
frame_6456.jpg,False,True
frame_6457.jpg,False,True
frame_6458.jpg,False,True
frame_6459.jpg,False,True
frame_6460.jpg,False,True
frame_6461.jpg,False,True
frame_6462.jpg,False,True
frame_6463.jpg,False,True
frame_6465.jpg,False,True
frame_6472.jpg,False,True
frame_6473.jpg,False,True
frame_6474.jpg,False,True
frame_6475.jpg,False,True
frame_6476.jpg,True,False
frame_6479.jpg,True,False
frame_6480.jpg,False,True
frame_6482.jpg,False,True
frame_6483.jpg,False,True
frame_6484.jpg,False,True
frame_6485.jpg,False,True
frame_6486.jpg,False,True
frame_6487.jpg,False,True
frame_6488.jpg,False,True
frame_6489.jpg,False,True
frame_6490.jpg,False,True
frame_6491.jpg,False,True
frame_6493.jpg,False,True
frame_6495.jpg,False,True
frame_6496.jpg,False,True
frame_6497.jpg,False,True
frame_6498.jpg,False,True
frame_6499.jpg,False,True
frame_6501.jpg,True,False
frame_6502.jpg,True,False
frame_6533.jpg,True,False
frame_6543.jpg,True,False
frame_6545.jpg,True,False
frame_6551.jpg,True,False
frame_6552.jpg,False,True
frame_6553.jpg,False,True
frame_6554.jpg,False,True
frame_6555.jpg,False,True
frame_6556.jpg,False,True
frame_6558.jpg,False,True
frame_6560.jpg,False,True
frame_6561.jpg,False,True
frame_6562.jpg,False,True
frame_6563.jpg,False,True
frame_6564.jpg,False,True
frame_6565.jpg,False,True
frame_6566.jpg,False,True
frame_6570.jpg,False,True
frame_6574.jpg,False,True
frame_6575.jpg,False,True
frame_6577.jpg,False,True
frame_6578.jpg,False,True
frame_6580.jpg,False,True
frame_6586.jpg,False,True
frame_6587.jpg,False,True
frame_6588.jpg,False,True
frame_6589.jpg,False,True
frame_6590.jpg,False,True
frame_6591.jpg,False,True
frame_6593.jpg,False,True
frame_6594.jpg,False,True
frame_6595.jpg,False,True
frame_6596.jpg,False,True
frame_6597.jpg,False,True
frame_6598.jpg,False,True
frame_6599.jpg,False,True
frame_6601.jpg,False,True
frame_6602.jpg,False,True
frame_6603.jpg,True,False
frame_6604.jpg,True,False
frame_6609.jpg,True,False
frame_6619.jpg,False,True
frame_6620.jpg,False,True
frame_6621.jpg,False,True
frame_6622.jpg,False,True
frame_6623.jpg,False,True
frame_6624.jpg,False,True
frame_6625.jpg,False,True
frame_6626.jpg,False,True
frame_6630.jpg,False,True
frame_6631.jpg,False,True
frame_6635.jpg,False,True
frame_6636.jpg,False,True
frame_6637.jpg,False,True
frame_6638.jpg,False,True
frame_6639.jpg,False,True
frame_6640.jpg,False,True
frame_6641.jpg,False,True
frame_6642.jpg,False,True
frame_6643.jpg,False,True
frame_6644.jpg,False,True
frame_6645.jpg,False,True
frame_6646.jpg,False,True
frame_6647.jpg,False,True
frame_6648.jpg,True,False
frame_6649.jpg,True,False
frame_6650.jpg,False,True
frame_6655.jpg,False,True
frame_6656.jpg,False,True
frame_6657.jpg,False,True
frame_6658.jpg,False,True
frame_6659.jpg,False,True
frame_6660.jpg,False,True
frame_6662.jpg,False,True
frame_6666.jpg,False,True
frame_6667.jpg,False,True
frame_6668.jpg,False,True
frame_6673.jpg,False,True
frame_6674.jpg,False,True
frame_6675.jpg,True,False
frame_6676.jpg,False,True
frame_6683.jpg,False,True
frame_6684.jpg,True,False
frame_6685.jpg,True,False
frame_6686.jpg,False,True
frame_6687.jpg,False,True
frame_6688.jpg,False,True
frame_6689.jpg,False,True
frame_6711.jpg,False,True
frame_6712.jpg,False,True
frame_6720.jpg,False,True
frame_6721.jpg,False,True
frame_6722.jpg,False,True
frame_6723.jpg,False,True
frame_6724.jpg,False,True
frame_6725.jpg,False,True
frame_6726.jpg,False,True
frame_6727.jpg,False,True
frame_6728.jpg,False,True
frame_6729.jpg,False,True
frame_6733.jpg,False,True
frame_6734.jpg,False,True
frame_6735.jpg,False,True
frame_6736.jpg,False,True
frame_6737.jpg,False,True
frame_6738.jpg,False,True
frame_6739.jpg,False,True
frame_6740.jpg,False,True
frame_6741.jpg,False,True
frame_6742.jpg,False,True
frame_6744.jpg,False,True
frame_6745.jpg,False,True
frame_6746.jpg,False,True
frame_6747.jpg,False,True
frame_6750.jpg,False,True
frame_6751.jpg,False,True
frame_6752.jpg,False,True
frame_6754.jpg,False,True
frame_6755.jpg,False,True
frame_6756.jpg,False,True
frame_6757.jpg,False,True
frame_6758.jpg,False,True
frame_6759.jpg,False,True
frame_6760.jpg,False,True
frame_6761.jpg,False,True
frame_6762.jpg,False,True
frame_6763.jpg,False,True
frame_6765.jpg,False,True
frame_6767.jpg,False,True
frame_6775.jpg,False,True
frame_6777.jpg,False,True
frame_6778.jpg,False,True
frame_6779.jpg,False,True
frame_6780.jpg,False,True
frame_6781.jpg,False,True
frame_6782.jpg,False,True
frame_6783.jpg,False,True
frame_6784.jpg,False,True
frame_6785.jpg,False,True
frame_6792.jpg,True,False

